Ngày,Giá trị gốc,Giá trị tái tạo
19/01/2024,30.475,-0.0
20/01/2024,29.025,-0.0
21/01/2024,28.5,-3.8045733e-38
22/01/2024,26.550000000000004,-3.4940149e-37
23/01/2024,24.525,-5.394859e-36
24/01/2024,25.2,-1.2778869e-35
25/01/2024,27.025,-8.8364105e-37
26/01/2024,26.675,-7.2807625e-37
27/01/2024,25.500000000000004,-1.16856486e-35
28/01/2024,23.625,-1.1022554e-34
02/02/2024,25.299999999999997,-3.059347e-35
03/02/2024,27.55,-8.359464e-37
04/02/2024,28.975,-7.009653e-38
05/02/2024,30.825000000000003,-0.0
06/02/2024,28.4,-1.8541559e-37
07/02/2024,27.974999999999998,-1.5021128e-36
08/02/2024,25.999999999999996,-9.1437856e-36
09/02/2024,28.25,-2.8073048e-37
10/02/2024,37.2,-0.0
11/02/2024,20.625,-0.0
12/02/2024,22.625,-1.16167096e-35
13/02/2024,23.775,-8.550849e-37
14/02/2024,23.775,-2.2977815e-36
15/02/2024,24.174999999999997,-3.0582916e-35
16/02/2024,28.949999999999996,-3.3079343e-37
17/02/2024,27.525,-2.9560366e-37
18/02/2024,26.575000000000003,-6.1601464e-36
19/02/2024,27.525,-4.8829482e-36
20/02/2024,28.325,-6.005992e-37
21/02/2024,28.775,-2.448463e-37
22/02/2024,29.075000000000003,-1.7535729e-37
23/02/2024,29.049999999999997,-1.6343072e-37
24/02/2024,25.275,-3.5054114e-35
25/02/2024,24.35,-1.7833043e-34
26/02/2024,26.724999999999998,-2.8534074e-36
27/02/2024,28.7,-0.0
28/02/2024,27.874999999999996,-1.2193186e-37
29/02/2024,27.525000000000002,-1.0414001e-36
01/03/2024,27.175,-8.265872e-37
02/03/2024,25.45,-7.5306176e-36
03/03/2024,29.174999999999997,-6.700266e-38
04/03/2024,28.025,-5.725215e-38
05/03/2024,26.25,-2.5913283e-36
06/03/2024,30.224999999999994,-2.1815443e-38
07/03/2024,28.299999999999997,-3.0525628e-38
08/03/2024,28.875,-8.867963e-38
09/03/2024,26.675,-7.9572785e-37
10/03/2024,27.0,-1.116401e-36
11/03/2024,28.85,-2.7168862e-38
12/03/2024,29.825,-0.0
13/03/2024,28.125,-5.28485e-38
14/03/2024,28.15,-1.8226344e-37
15/03/2024,29.2,-1.4764693e-38
16/03/2024,28.725,-1.3576138e-38
21/03/2024,29.6,-0.0
22/03/2024,29.325,-0.0
23/03/2024,26.950000000000003,-2.4356164e-37
24/03/2024,29.475,-2.2030912e-38
25/03/2024,30.475,-0.0
26/03/2024,32.975,-0.0
27/03/2024,32.050000000000004,-0.0
28/03/2024,32.175,-0.0
29/03/2024,29.325000000000003,-0.0
30/03/2024,31.25,-0.0
31/03/2024,29.9,-0.0
01/04/2024,34.425,-0.0
02/04/2024,33.375,-0.0
03/04/2024,33.075,-0.0
04/04/2024,33.175,-0.0
05/04/2024,33.275,-0.0
06/04/2024,32.425,-0.0
07/04/2024,30.275,-0.0
08/04/2024,31.675,-0.0
09/04/2024,30.950000000000003,-0.0
10/04/2024,29.550000000000004,-0.0
11/04/2024,30.825,-0.0
12/04/2024,31.599999999999998,-0.0
13/04/2024,31.875,-0.0
14/04/2024,33.5,-0.0
15/04/2024,31.5,-0.0
16/04/2024,32.175,-0.0
17/04/2024,31.9,-0.0
18/04/2024,31.025000000000002,-0.0
19/04/2024,31.849999999999998,-0.0
20/04/2024,33.8,-0.0
21/04/2024,33.275,-0.0
22/04/2024,32.925000000000004,-0.0
23/04/2024,32.449999999999996,-0.0
24/04/2024,34.1,-0.0
25/04/2024,33.725,-0.0
26/04/2024,32.725,-0.0
27/04/2024,33.775,-0.0
28/04/2024,34.35,-0.0
29/04/2024,37.575,-0.0
30/04/2024,33.75,-0.0
01/05/2024,33.599999999999994,-0.0
02/05/2024,32.8,-0.0
03/05/2024,32.3,-0.0
04/05/2024,33.775,-0.0
05/05/2024,34.35,-0.0
06/05/2024,35.825,-0.0
14/05/2024,33.0,-0.0
15/05/2024,33.449999999999996,-0.0
16/05/2024,32.525,-0.0
17/05/2024,32.400000000000006,-0.0
18/05/2024,34.150000000000006,-0.0
21/05/2024,35.0,-0.0
22/05/2024,33.675,-0.0
23/05/2024,33.175000000000004,-0.0
28/05/2024,34.15,-0.0
02/06/2024,35.6,-0.0
03/06/2024,37.6,-0.0
04/06/2024,34.75,-0.0
05/06/2024,32.05,-0.0
06/06/2024,30.525000000000002,-0.0
07/06/2024,30.599999999999998,-0.0
08/06/2024,30.6,-0.0
09/06/2024,32.6,-0.0
10/06/2024,30.699999999999996,-0.0
11/06/2024,32.25,-0.0
12/06/2024,34.575,-0.0
13/06/2024,33.15,-0.0
14/06/2024,33.175,-0.0
15/06/2024,33.25,-0.0
16/06/2024,33.775000000000006,-0.0
17/06/2024,35.425000000000004,-0.0
18/06/2024,34.6,-0.0
19/06/2024,33.875,-0.0
20/06/2024,34.75,-0.0
21/06/2024,34.95,-0.0
22/06/2024,36.175,-0.0
23/06/2024,34.575,-0.0
24/06/2024,33.975,-0.0
25/06/2024,32.4,-0.0
26/06/2024,29.25,-0.0
27/06/2024,29.6,-0.0
28/06/2024,31.925000000000004,-0.0
29/06/2024,32.1,-0.0
30/06/2024,33.375,-0.0
01/07/2024,33.3,-0.0
02/07/2024,33.525,-0.0
03/07/2024,32.275,-0.0
04/07/2024,34.550000000000004,-0.0
05/07/2024,33.4,-0.0
06/07/2024,32.574999999999996,-0.0
07/07/2024,33.199999999999996,-0.0
08/07/2024,35.00000000000001,-0.0
09/07/2024,34.475,-0.0
10/07/2024,33.275,-0.0
11/07/2024,31.599999999999998,-0.0
12/07/2024,33.45,-0.0
13/07/2024,33.849999999999994,-0.0
14/07/2024,32.425,-0.0
15/07/2024,33.775000000000006,-0.0
16/07/2024,33.225,-0.0
17/07/2024,32.550000000000004,-0.0
18/07/2024,31.025,-0.0
19/07/2024,31.6,-0.0
20/07/2024,33.074999999999996,-0.0
21/07/2024,32.074999999999996,-0.0
22/07/2024,34.45,-0.0
23/07/2024,30.8,-0.0
24/07/2024,28.675,-0.0
25/07/2024,32.49999999999999,-0.0
26/07/2024,32.3,-0.0
27/07/2024,32.9,-0.0
28/07/2024,34.699999999999996,-0.0
29/07/2024,31.55,-0.0
30/07/2024,31.15,-0.0
31/07/2024,31.625,-0.0
01/08/2024,32.12500000000001,-0.0
02/08/2024,31.174999999999997,-0.0
03/08/2024,31.15,-0.0
04/08/2024,32.35,-0.0
05/08/2024,35.625,-0.0
06/08/2024,35.575,-0.0
07/08/2024,34.525,-0.0
08/08/2024,36.150000000000006,-0.0
09/08/2024,35.55,-0.0
10/08/2024,36.05,-0.0
11/08/2024,36.724999999999994,-0.0
12/08/2024,30.95,-0.0
13/08/2024,33.575,-0.0
14/08/2024,32.15,-0.0
15/08/2024,31.85,-0.0
16/08/2024,30.85,-0.0
17/08/2024,33.125,-0.0
18/08/2024,31.349999999999998,-0.0
19/08/2024,34.3,-0.0
20/08/2024,33.25,-0.0
21/08/2024,32.975,-0.0
22/08/2024,32.449999999999996,-0.0
23/08/2024,33.175000000000004,-0.0
24/08/2024,30.450000000000003,-0.0
25/08/2024,32.475,-0.0
26/08/2024,32.25,-0.0
27/08/2024,32.300000000000004,-0.0
28/08/2024,36.0,-0.0
29/08/2024,33.975,-0.0
30/08/2024,33.7,-0.0
31/08/2024,31.625,-0.0
01/09/2024,33.0,-0.0
02/09/2024,31.625,-0.0
03/09/2024,33.3,-0.0
04/09/2024,34.3,-0.0
05/09/2024,35.325,-0.0
06/09/2024,33.375,-0.0
10/09/2024,31.125,-0.0
11/09/2024,38.75,-0.0
12/09/2024,30.374999999999996,-0.0
13/09/2024,24.4,-1.0170373e-37
14/09/2024,29.375,-0.0
15/09/2024,29.325000000000003,-0.0
16/09/2024,29.874999999999996,-0.0
17/09/2024,28.6,-0.0
18/09/2024,30.674999999999997,-0.0
19/09/2024,30.25,-0.0
20/09/2024,28.825,-0.0
21/09/2024,28.424999999999997,-1.8899824e-38
22/09/2024,28.35,-0.0
23/09/2024,28.7,-1.3997262e-38
24/09/2024,27.8,-8.7149246e-38
25/09/2024,28.275000000000002,-9.578627e-38
30/09/2024,28.499999999999996,-3.4488166e-38
01/10/2024,29.1,-1.41353e-38
02/10/2024,27.749999999999996,-8.931673e-38
03/10/2024,29.35,-2.1269754e-38
04/10/2024,28.15,-3.3549515e-38
05/10/2024,30.1,-0.0
06/10/2024,29.950000000000003,-0.0
07/10/2024,31.35,-0.0
08/10/2024,30.700000000000003,-0.0
09/10/2024,31.475,-0.0
10/10/2024,30.35,-0.0
11/10/2024,28.700000000000003,-1.7460994e-38
12/10/2024,31.124999999999996,-0.0
13/10/2024,31.299999999999997,-0.0
14/10/2024,32.175000000000004,-0.0
15/10/2024,32.125,-0.0
16/10/2024,30.300000000000004,-0.0
17/10/2024,31.575,-0.0
18/10/2024,31.35,-0.0
19/10/2024,30.8,-0.0
22/10/2024,30.0,-0.0
23/10/2024,30.974999999999994,-0.0
24/10/2024,30.849999999999998,-0.0
25/10/2024,30.699999999999996,-0.0
26/10/2024,30.25,-0.0
27/10/2024,30.400000000000002,-0.0
28/10/2024,28.349999999999994,-1.3162412e-38
29/10/2024,29.349999999999998,-1.3889316e-38
30/10/2024,29.549999999999997,-0.0
02/11/2024,29.95,-0.0
03/11/2024,29.975,-0.0
04/11/2024,29.975,-0.0
05/11/2024,29.125,-0.0
06/11/2024,30.475,-0.0
07/11/2024,30.924999999999997,-0.0
08/11/2024,30.900000000000002,-0.0
09/11/2024,31.450000000000003,-0.0
10/11/2024,29.875,-0.0
11/11/2024,33.599999999999994,-0.0
12/11/2024,27.550000000000004,-0.0
13/11/2024,29.625,-1.4881748e-38
14/11/2024,31.025000000000002,-0.0
15/11/2024,32.075,-0.0
16/11/2024,30.05,-0.0
17/11/2024,29.900000000000002,-0.0
18/11/2024,31.525,-0.0
19/11/2024,29.975,-0.0
20/11/2024,30.799999999999997,-0.0
21/11/2024,30.824999999999996,-0.0
22/11/2024,30.299999999999997,-0.0
23/11/2024,29.5,-0.0
24/11/2024,28.225,-3.4916468e-38
25/11/2024,28.525,-2.446136e-38
26/11/2024,29.525,-0.0
27/11/2024,28.425,-2.1825427e-38
28/11/2024,30.325000000000003,-0.0
29/11/2024,30.1,-0.0
30/11/2024,30.525000000000002,-0.0
01/12/2024,30.1,-0.0
02/12/2024,30.299999999999997,-0.0
03/12/2024,31.475,-0.0
04/12/2024,31.25,-0.0
05/12/2024,30.15,-0.0
06/12/2024,29.825,-0.0
07/12/2024,27.724999999999998,-4.2326128e-38
08/12/2024,27.0,-2.4180593e-37
09/12/2024,27.324999999999996,-2.493893e-37
10/12/2024,28.125,-6.8458105e-38
11/12/2024,29.725,-0.0
12/12/2024,28.125,-2.975828e-38
13/12/2024,28.125,-9.570812e-38
14/12/2024,26.800000000000004,-2.2864922e-37
15/12/2024,27.4,-1.9468417e-37
16/12/2024,29.825,-0.0
17/12/2024,29.625,-0.0
18/12/2024,29.55,-0.0
19/12/2024,27.8,-1.0750087e-37
20/12/2024,30.224999999999998,-0.0
21/12/2024,26.275,-1.9824403e-37
22/12/2024,28.075,-2.7855004e-37
23/12/2024,28.425000000000004,-3.5481962e-38
24/12/2024,28.65,-1.8727512e-38
25/12/2024,28.4,-5.3309547e-38
26/12/2024,29.075000000000003,-2.7304354e-38
27/12/2024,27.3,-1.3324889e-37
28/12/2024,27.225,-4.6861403e-37
29/12/2024,28.5,-5.8589214e-38
30/12/2024,28.950000000000003,-1.1932162e-38
31/12/2024,28.349999999999998,-4.76371e-38
01/01/2025,27.8,-2.3214233e-37
02/01/2025,29.15,-2.4221612e-38
03/01/2025,28.799999999999997,-1.3875335e-38
04/01/2025,28.375,-4.99224e-38
05/01/2025,28.725,-4.581288e-38
06/01/2025,28.250000000000004,-5.3326116e-38
07/01/2025,27.700000000000003,-1.6362872e-37
08/01/2025,28.799999999999997,-4.242983e-38
09/01/2025,27.7,-9.181316e-38
10/01/2025,28.725,-5.176924e-38
11/01/2025,26.549999999999997,-5.398017e-37
12/01/2025,26.6,-1.5884178e-36
13/01/2025,28.625,-5.9423126e-38
14/01/2025,28.075,-4.2189812e-38
15/01/2025,28.55,-7.9941987e-38
16/01/2025,26.575000000000003,-9.177115e-37
17/01/2025,28.875,-7.896123e-38
18/01/2025,27.3,-1.4307246e-37
19/01/2025,25.15,-7.892591e-36
20/01/2025,27.775,-8.45976e-37
21/01/2025,26.05,-1.1255004e-36
22/01/2025,28.150000000000002,-3.09169e-37
23/01/2025,27.1,-7.3645104e-37
24/01/2025,27.425,-1.004961e-36
25/01/2025,28.75,-8.2209596e-38
26/01/2025,28.75,-4.0318888e-38
27/01/2025,24.8,-6.1265985e-36
28/01/2025,28.875,-2.6283256e-37
29/01/2025,37.0,-0.0
30/01/2025,20.875,-0.0
31/01/2025,22.125,-1.5537708e-35
01/02/2025,22.925,-2.6094346e-36
02/02/2025,24.700000000000003,-1.1702236e-36
03/02/2025,26.4,-1.7220097e-36
04/02/2025,24.65,-7.582348e-35
05/02/2025,26.825000000000003,-2.6510305e-35
06/02/2025,25.700000000000003,-1.9178054e-35
07/02/2025,25.675,-9.91495e-35
08/02/2025,24.950000000000003,-3.3211885e-34
09/02/2025,24.125,-1.8120003e-33
10/02/2025,26.1,-2.345706e-34
11/02/2025,25.5,-4.2637765e-34
12/02/2025,28.275,-1.6195971e-34
13/02/2025,27.950000000000003,-2.4017026e-35
14/02/2025,28.075,-1.2087036e-35
15/02/2025,25.875,-5.767697e-35
16/02/2025,25.025000000000002,-2.013853e-34
17/02/2025,26.05,-4.594229e-35
18/02/2025,25.5,-4.4651314e-35
19/02/2025,26.099999999999998,-4.8814056e-35
20/02/2025,25.824999999999996,-6.4453e-35
21/02/2025,28.174999999999997,-1.8410836e-36
22/02/2025,27.325,-2.1114885e-36
23/02/2025,26.424999999999997,-1.3234329e-35
24/02/2025,26.7,-1.0461413e-35
25/02/2025,26.3,-1.01148814e-35
26/02/2025,25.1,-6.7320435e-35
27/02/2025,26.724999999999998,-1.8405537e-35
28/02/2025,27.25,-3.195768e-36
01/03/2025,27.675,-2.0024066e-36
02/03/2025,26.650000000000002,-7.679921e-36
03/03/2025,28.85,-4.3250035e-37
04/03/2025,26.925,-1.3786107e-36
05/03/2025,28.6,-4.6249347e-37
06/03/2025,26.775,-1.4240719e-36
07/03/2025,25.125,-3.354003e-35
08/03/2025,26.2,-1.3956473e-35
09/03/2025,26.724999999999998,-2.3751619e-36
10/03/2025,27.4,-8.283518e-37
11/03/2025,28.3,-3.850863e-37
12/03/2025,27.65,-5.816987e-37
13/03/2025,26.9,-2.1736748e-36
14/03/2025,27.724999999999998,-7.978895e-37
15/03/2025,27.325,-7.029836e-37
16/03/2025,28.299999999999997,-2.2214516e-37
17/03/2025,28.099999999999998,-2.2219217e-37
18/03/2025,25.175,-9.957641e-36
19/03/2025,26.575000000000003,-8.668462e-36
20/03/2025,27.375,-5.3757813e-37
21/03/2025,27.825000000000003,-1.922473e-37
22/03/2025,28.475,-1.6792525e-37
23/03/2025,29.275000000000002,-3.9850625e-38
24/03/2025,30.7,-0.0
25/03/2025,29.9,-0.0
26/03/2025,29.425,-1.6409e-38
27/03/2025,29.375,-1.2713402e-38
28/03/2025,29.1,-1.2010025e-38
29/03/2025,31.025,-0.0
30/03/2025,25.799999999999997,-1.65853e-37
31/03/2025,27.15,-1.1631471e-36
01/04/2025,27.9,-4.7275416e-38
02/04/2025,31.224999999999998,-0.0
03/04/2025,29.475,-0.0
04/04/2025,28.35,-5.2868037e-38
05/04/2025,28.225,-2.915695e-38
06/04/2025,28.450000000000003,-1.9870337e-38
07/04/2025,28.85,-0.0
08/04/2025,29.875000000000004,-0.0
09/04/2025,30.825,-0.0
10/04/2025,32.125,-0.0
11/04/2025,29.625,-0.0
12/04/2025,30.550000000000004,-0.0
13/04/2025,30.099999999999998,-0.0
14/04/2025,30.3,-0.0
15/04/2025,32.800000000000004,-0.0
16/04/2025,32.25,-0.0
17/04/2025,32.6,-0.0
18/04/2025,29.4,-0.0
19/04/2025,32.175,-0.0
20/04/2025,32.1,-0.0
21/04/2025,33.275,-0.0
22/04/2025,31.175000000000004,-0.0
23/04/2025,30.25,-0.0
24/04/2025,32.5,-0.0
25/04/2025,21.325,-1.8878783e-38
26/04/2025,28.050000000000004,-1.0795496e-37
27/04/2025,29.749999999999996,-0.0
28/04/2025,31.65,-0.0
29/04/2025,28.4,-0.0
30/04/2025,30.475,-0.0
01/05/2025,27.724999999999998,-0.0
02/05/2025,29.375,-0.0
03/05/2025,28.525000000000002,-0.0
04/05/2025,29.799999999999997,-0.0
05/05/2025,28.125000000000004,-1.9933506e-38
06/05/2025,33.0,-0.0
07/05/2025,28.05,-0.0
08/05/2025,32.575,-0.0
09/05/2025,33.975,-0.0
10/05/2025,31.775000000000002,-0.0
11/05/2025,25.924999999999997,-3.1648362e-38
12/05/2025,28.225,-0.0
13/05/2025,29.75,-0.0
14/05/2025,31.875,-0.0
15/05/2025,33.0,-0.0
16/05/2025,30.375,-0.0
17/05/2025,30.400000000000002,-0.0
18/05/2025,30.95,-0.0
19/05/2025,34.875,-0.0
20/05/2025,30.075,-0.0
21/05/2025,31.575,-0.0
22/05/2025,33.300000000000004,-0.0
23/05/2025,33.45,-0.0
24/05/2025,28.85,-0.0
25/05/2025,29.125,-0.0
26/05/2025,29.650000000000002,-0.0
27/05/2025,29.775,-0.0
28/05/2025,30.375,-0.0
29/05/2025,31.700000000000003,-0.0
30/05/2025,32.05,-0.0
31/05/2025,30.975,-0.0
01/06/2025,33.025,-0.0
02/06/2025,36.55,-0.0
03/06/2025,35.5,-0.0
04/06/2025,32.75,-0.0
05/06/2025,34.65,-0.0
06/06/2025,32.75,-0.0
07/06/2025,32.225,-0.0
08/06/2025,34.2,-0.0
